{
  "backup_timestamp": "2025-12-12T03:02:22.048293",
  "system_info": {
    "name": "CASH MONEY COLORS",
    "version": "1.0.0",
    "status": "production"
  },
  "components": {
    "modules": 23,
    "databases": 0,
    "web_services": 0,
    "api_endpoints": 12,
    "docker_containers": 0
  },
  "performance": {
    "uptime_hours": 24,
    "active_processes": 3,
    "disk_usage_mb": 376.75
  },
  "business_metrics": {
    "nft_assets": 51,
    "products": 23,
    "marketing_campaigns": 8,
    "active_services": 6
  }
}